-- phpMyAdmin SQL Dump
-- version 5.1.1
-- https://www.phpmyadmin.net/
--
-- Host: 127.0.0.1
-- Generation Time: May 19, 2022 at 10:18 AM
-- Server version: 10.4.21-MariaDB
-- PHP Version: 8.0.12

SET SQL_MODE = "NO_AUTO_VALUE_ON_ZERO";
START TRANSACTION;
SET time_zone = "+00:00";


/*!40101 SET @OLD_CHARACTER_SET_CLIENT=@@CHARACTER_SET_CLIENT */;
/*!40101 SET @OLD_CHARACTER_SET_RESULTS=@@CHARACTER_SET_RESULTS */;
/*!40101 SET @OLD_COLLATION_CONNECTION=@@COLLATION_CONNECTION */;
/*!40101 SET NAMES utf8mb4 */;

--
-- Database: `observatory`
--

-- --------------------------------------------------------

--
-- Table structure for table `age`
--

CREATE TABLE `age` (
  `id` int(10) NOT NULL,
  `age` varchar(11) CHARACTER SET utf8 DEFAULT NULL,
  `civilizeM` int(11) DEFAULT NULL,
  `civilizeF` int(11) DEFAULT NULL,
  `civilizeT` int(11) DEFAULT NULL,
  `countrysideM` int(11) DEFAULT NULL,
  `countrysideF` int(11) DEFAULT NULL,
  `countrysideT` int(11) DEFAULT NULL,
  `totalM` int(11) DEFAULT NULL,
  `totalF` int(11) DEFAULT NULL,
  `totalT` int(11) DEFAULT NULL
) ENGINE=InnoDB DEFAULT CHARSET=utf8mb4;

--
-- Dumping data for table `age`
--

INSERT INTO `age` (`id`, `age`, `civilizeM`, `civilizeF`, `civilizeT`, `countrysideM`, `countrysideF`, `countrysideT`, `totalM`, `totalF`, `totalT`) VALUES
(1, 'أقل من سنه ', 511619, 500019, 1011638, 917389, 851142, 1768531, 1429008, 1351161, 2780169),
(2, '1', 505220, 537104, 1042324, 876713, 877701, 1754414, 1381933, 1414805, 2796738),
(3, '2', 514298, 517557, 1031855, 863605, 832123, 1695728, 1377903, 1349680, 2727583),
(4, '3', 576694, 550731, 1127425, 889696, 853049, 1742745, 1466390, 1403780, 2870170),
(5, '4', 513692, 460335, 974027, 880506, 788279, 1668785, 1394198, 1248614, 2642812),
(6, '5', 478815, 455296, 934111, 853009, 800784, 1653793, 1331824, 1256080, 2587904),
(7, '6', 483649, 434152, 917801, 755254, 679649, 1434903, 1238903, 1113801, 2352704),
(8, '7', 440717, 403886, 844603, 669704, 617711, 1287415, 1110421, 1021597, 2132018),
(9, '8', 438692, 413840, 852532, 654935, 616074, 1271009, 1093627, 1029914, 2123541),
(10, '9', 423897, 393365, 817262, 641820, 605201, 1247021, 1065717, 998566, 2064283),
(11, '10', 489219, 447951, 937170, 689290, 627697, 1316987, 1178509, 1075648, 2254157),
(12, '11', 368897, 337756, 706653, 577057, 531229, 1108286, 945954, 868985, 1814939),
(13, '12', 453005, 416016, 869021, 685620, 613772, 1299392, 1138625, 1029788, 2168413),
(14, '13', 345323, 323476, 668799, 545131, 502591, 1047722, 890454, 826067, 1716521),
(15, '14', 351215, 337231, 688446, 526873, 501555, 1028428, 878088, 838786, 1716874),
(16, '15', 500681, 458558, 959239, 672999, 611329, 1284328, 1173680, 1069887, 2243567),
(17, '16', 376749, 348430, 725179, 560821, 506954, 1067775, 937570, 855384, 1792954),
(18, '17', 378994, 364588, 743582, 584766, 540345, 1125111, 963760, 904933, 1868693),
(19, '18', 463549, 445959, 909508, 633820, 595979, 1229799, 1097369, 1041938, 2139307);

-- --------------------------------------------------------

--
-- Table structure for table `culture`
--

CREATE TABLE `culture` (
  `gov` varchar(13) CHARACTER SET utf8 DEFAULT NULL,
  `total_lib` int(11) DEFAULT NULL,
  `libraries` int(11) DEFAULT NULL,
  `social` int(11) DEFAULT NULL,
  `supervisor` int(11) DEFAULT NULL,
  `secretarial` int(11) DEFAULT NULL,
  `support_services` int(11) DEFAULT NULL,
  `total` int(11) DEFAULT NULL
) ENGINE=InnoDB DEFAULT CHARSET=utf8mb4;

--
-- Dumping data for table `culture`
--

INSERT INTO `culture` (`gov`, `total_lib`, `libraries`, `social`, `supervisor`, `secretarial`, `support_services`, `total`) VALUES
('الجمهورية', 735, 735, 314, 301, 305, 475, 2130),
('القاهرة', 78, 78, 14, 48, 12, 25, 177),
('الاسكندرية', 33, 33, 32, 14, 18, 20, 117),
('بورسعيد', 16, 16, 2, 5, 10, 14, 47),
('السويس', 18, 18, 0, 0, 8, 18, 44),
('دمياط', 5, 5, 3, 5, 20, 12, 45),
('الدقهلية', 24, 24, 4, 11, 6, 25, 70),
('الشرقية', 23, 23, 11, 2, 2, 23, 61),
('القليوبية', 33, 33, 15, 0, 26, 33, 107),
('كفرالشيخ', 15, 15, 1, 4, 2, 25, 47),
('الغربية', 25, 25, 10, 2, 11, 22, 70),
('المنوفية', 22, 22, 6, 5, 6, 10, 49),
('البحيرة', 32, 32, 29, 15, 0, 25, 101),
('الاسماعيلية', 13, 13, 0, 13, 0, 13, 39),
('الجيزة', 115, 115, 95, 0, 2, 20, 232),
('بني سويف', 47, 47, 9, 22, 35, 47, 160),
('الفيوم', 29, 29, 2, 21, 0, 26, 78),
('المنيا', 26, 26, 21, 23, 17, 10, 97),
('أسيوط', 17, 17, 22, 22, 16, 25, 102),
('سوهاج', 28, 28, 7, 6, 2, 9, 52),
('قنــــا', 12, 12, 7, 6, 4, 11, 40),
('أسوان', 48, 48, 12, 48, 69, 48, 225),
('الاقصر', 8, 8, 8, 0, 8, 0, 24),
('البحر الأحمر', 11, 11, 0, 5, 7, 4, 27),
('الوادى الجديد', 24, 24, 0, 18, 5, 6, 53),
('مطروح', 17, 17, 2, 6, 0, 0, 25),
('شمال سيناء', 12, 12, 0, 0, 12, 0, 24),
('جنوب سيناء', 4, 4, 2, 0, 7, 4, 17);

-- --------------------------------------------------------

--
-- Table structure for table `gov`
--

CREATE TABLE `gov` (
  `id` int(11) NOT NULL,
  `age` varchar(100) NOT NULL,
  `الجمهورية` int(11) NOT NULL,
  `القاهرة` int(11) NOT NULL,
  `الاسكندرية` int(11) NOT NULL,
  `بورسعيد` int(11) NOT NULL,
  `السويس` int(11) NOT NULL,
  `دمياط` int(11) NOT NULL,
  `الدقهلية` int(11) NOT NULL,
  `الشرقية` int(11) NOT NULL,
  `القليوبية` int(11) NOT NULL,
  `كفر الشيخ` int(11) NOT NULL,
  `الغربية` int(11) NOT NULL,
  `المنوفية` int(11) NOT NULL,
  `البحيرة` int(11) NOT NULL,
  `الاسماعيلية` int(11) NOT NULL,
  `الجيزة` int(11) NOT NULL,
  `بنى سويف` int(11) NOT NULL,
  `الفيوم` int(11) NOT NULL,
  `المنيا` int(11) NOT NULL,
  `اسيوط` int(11) NOT NULL,
  `سوهاج` int(11) NOT NULL,
  `قنا` int(11) NOT NULL,
  `اسوان` int(11) NOT NULL,
  `الاقصر` int(11) NOT NULL,
  `البحر الاحمر` int(11) NOT NULL,
  `الوادى الجديد` int(11) NOT NULL,
  `مطروح` int(11) NOT NULL,
  `شمال سيناء` int(11) NOT NULL,
  `جنوب سيناء` int(11) NOT NULL
) ENGINE=InnoDB DEFAULT CHARSET=utf8mb4;

--
-- Dumping data for table `gov`
--

INSERT INTO `gov` (`id`, `age`, `الجمهورية`, `القاهرة`, `الاسكندرية`, `بورسعيد`, `السويس`, `دمياط`, `الدقهلية`, `الشرقية`, `القليوبية`, `كفر الشيخ`, `الغربية`, `المنوفية`, `البحيرة`, `الاسماعيلية`, `الجيزة`, `بنى سويف`, `الفيوم`, `المنيا`, `اسيوط`, `سوهاج`, `قنا`, `اسوان`, `الاقصر`, `البحر الاحمر`, `الوادى الجديد`, `مطروح`, `شمال سيناء`, `جنوب سيناء`) VALUES
(1, 'أقل من سنه ', 2780169, 162494, 110773, 14455, 18907, 38726, 190883, 219846, 153594, 101075, 138720, 133223, 191755, 36335, 231206, 121779, 144223, 194153, 151895, 182844, 107357, 45908, 38387, 11973, 7302, 14282, 15036, 3038),
(2, '1', 2796738, 188652, 137895, 16176, 23299, 39501, 180442, 220509, 138052, 103929, 124401, 123284, 194348, 43799, 271034, 113880, 150167, 182128, 132050, 182168, 102631, 42787, 36311, 9657, 5566, 19417, 11227, 3428),
(3, '2', 2727583, 201795, 140180, 18275, 19606, 44804, 180091, 211518, 148252, 103009, 130181, 126729, 174125, 44421, 258895, 103974, 125771, 171090, 127861, 169814, 99248, 42532, 33022, 9457, 5705, 18851, 15156, 3221),
(4, '3', 2870170, 251943, 162427, 17052, 22337, 47254, 187026, 231105, 156005, 100449, 129008, 123916, 168248, 52003, 315130, 100768, 129790, 156884, 122839, 165548, 96988, 44018, 34792, 9825, 5058, 19955, 16657, 3145),
(5, '4', 2642812, 178310, 107263, 15364, 17981, 37159, 174814, 204524, 158250, 98299, 132870, 125551, 183838, 35966, 228119, 106063, 118812, 181379, 143295, 164314, 102322, 42476, 34020, 11851, 7218, 15395, 13963, 3396),
(6, '5', 2587904, 187352, 108226, 14300, 16892, 38271, 163802, 203433, 158036, 93452, 125262, 120184, 178212, 34519, 236829, 101915, 118705, 177513, 136498, 153996, 96728, 41357, 32143, 10810, 6711, 15334, 14069, 3355),
(7, '6', 2352704, 176917, 102183, 14449, 16430, 35059, 164630, 182166, 149953, 81354, 117809, 110061, 162400, 31506, 219387, 89201, 103895, 152262, 120565, 132887, 78447, 35841, 27225, 10831, 5844, 14151, 14087, 3164),
(8, '7', 2132018, 170254, 95576, 13384, 14989, 33799, 143868, 162397, 130217, 70180, 106908, 97877, 147196, 29856, 200430, 80003, 94180, 135224, 109848, 122999, 72694, 31949, 25595, 9571, 5789, 12627, 11815, 2793),
(9, '8', 2123541, 176277, 98353, 13333, 15336, 34413, 137135, 165390, 132792, 72696, 106869, 96038, 142598, 29521, 203376, 76510, 88753, 131920, 109983, 119106, 73190, 31784, 25885, 9447, 5463, 13003, 11421, 2949),
(10, '9', 2064283, 167353, 92840, 13208, 14903, 33657, 145361, 163964, 128162, 73014, 107011, 96648, 142414, 28679, 193072, 76271, 88101, 121870, 102656, 111025, 69291, 30186, 24610, 8824, 5400, 11028, 11774, 2961),
(11, '10', 2254157, 205714, 111376, 14973, 17051, 35724, 153897, 170783, 141962, 78951, 115689, 100164, 149690, 31871, 215423, 77777, 90117, 133863, 111419, 122163, 73039, 32764, 25714, 9145, 5411, 13935, 12620, 2922),
(12, '11', 1814939, 144478, 81141, 11590, 11962, 28811, 126297, 140274, 110330, 64612, 93668, 83976, 125061, 24421, 158224, 66169, 74439, 119194, 95459, 105225, 63528, 28161, 22220, 7788, 5163, 9755, 10540, 2453),
(13, '12', 2168413, 186376, 102004, 13183, 14925, 34623, 144032, 168299, 133537, 75744, 110200, 99858, 144420, 29590, 196482, 76930, 87244, 141984, 113885, 124926, 73366, 30966, 25010, 8302, 5393, 12019, 12276, 2839),
(14, '13', 1716521, 140806, 76650, 10992, 11444, 26330, 117552, 135991, 103395, 58596, 86178, 77309, 112160, 23180, 149735, 62388, 69952, 119848, 91020, 101334, 61253, 26406, 21461, 6464, 4803, 8572, 10331, 2371),
(15, '14', 1716874, 151297, 79928, 11234, 11903, 25917, 115144, 132769, 102451, 57180, 84288, 75905, 109620, 22796, 153261, 61040, 68301, 117212, 91923, 101517, 62158, 27331, 21534, 6272, 4576, 8913, 10426, 1978),
(16, '15', 2243567, 221202, 113346, 14083, 16603, 33496, 147660, 174478, 135777, 74719, 109551, 98294, 137114, 29457, 213340, 77134, 87944, 140858, 114819, 124521, 76995, 35515, 28548, 7353, 5240, 11571, 11489, 2460),
(17, '16', 1792954, 159821, 83745, 12465, 12435, 26857, 120105, 138506, 109388, 61476, 89376, 80064, 110981, 24993, 155901, 64157, 71827, 118067, 98032, 107735, 65099, 26428, 23329, 6340, 4757, 8505, 10450, 2115),
(18, '17', 1868693, 162901, 82445, 12233, 12485, 27014, 126047, 151496, 106557, 65819, 91742, 84551, 117499, 24661, 157741, 66994, 76216, 126781, 99892, 115086, 72084, 30662, 25969, 6377, 5273, 8150, 10017, 2001),
(19, '18', 2139307, 212888, 108424, 15185, 15696, 31084, 135010, 163091, 120618, 71742, 101598, 88625, 127568, 28944, 193710, 76610, 88126, 141290, 115122, 126733, 79456, 34535, 29366, 6718, 4840, 10137, 10130, 2061);

-- --------------------------------------------------------

--
-- Table structure for table `governorate`
--

CREATE TABLE `governorate` (
  `id` int(100) NOT NULL,
  `name` varchar(200) NOT NULL
) ENGINE=InnoDB DEFAULT CHARSET=utf8mb4;

--
-- Dumping data for table `governorate`
--

INSERT INTO `governorate` (`id`, `name`) VALUES
(1, 'القاهرة'),
(2, 'الاسكندرية'),
(3, 'بورسعيد'),
(4, 'السويس'),
(11, 'دمياط'),
(12, 'الدقهلية'),
(13, 'الشرقية'),
(14, 'القليوبية'),
(15, 'كفر الشيخ'),
(16, 'الغربية'),
(17, 'المنوفية'),
(18, 'البحيرة'),
(19, 'الاسماعيلية'),
(21, 'الجيزة'),
(22, 'بنى سويف'),
(23, 'الفيوم'),
(24, 'المنيا'),
(25, 'اسيوط'),
(26, 'سوهاج'),
(27, 'قنا'),
(28, 'اسوان'),
(29, 'الاقصر'),
(31, 'البحر الاحمر'),
(32, 'الوادى الجديد'),
(33, 'مرسى مطروح'),
(34, 'شمال سيناء'),
(35, 'جنوب سيناء');

-- --------------------------------------------------------

--
-- Table structure for table `map`
--

CREATE TABLE `map` (
  `id` int(100) NOT NULL,
  `name` text NOT NULL,
  `type` varchar(200) NOT NULL
) ENGINE=InnoDB DEFAULT CHARSET=utf8mb4;

--
-- Dumping data for table `map`
--

INSERT INTO `map` (`id`, `name`, `type`) VALUES
(1, 'تقدير أعداد السكان طبقاً للنوع فى أول يناير 1996 - 2019', 'الجمهورية'),
(2, 'متوسط ساعات العمل الاسبوعية بالقطاعين العام والخاص 2012 - 2017', 'الجمهورية'),
(3, 'متوسط اجور العاملين بالقطاعين العام والخاص على مستوى النوع 2012 - 2017', 'الجمهورية'),
(4, 'معدل الخصوبة الكلى فئات السن سنوات مختارة 1988 - 2014', 'الجمهورية'),
(5, 'فئات ونسب ونوع السكان فى تعدادى 2006 - 2017', 'الجمهورية'),
(6, 'نصيب الفرد من استهلاك بعض المنتجات الزراعيه 2014 - 2018', 'الجمهورية'),
(7, 'مساحة الارض المنزرعه بالفدان من 1969 -  2017', 'الجمهورية'),
(8, 'تطور زراعه المحاصيل الزراعية 2016-2017', 'الجمهورية'),
(9, 'ميزان المدفوعات 16-17 ، 17-18', 'الجمهورية'),
(10, 'العاملون المدنيين بالقطاع العام وقطاع الاعمال العام طبقا للقطاع الاقتصادى والنوع 2015-2018', 'الجمهورية'),
(11, 'اسباب الوفاه من 2013 - 2018', 'الجمهورية'),
(12, '(2018 - 2009) نشاط الصندوق الإجتماعى للتنمية', 'الجمهورية'),
(13, '(2018/17-2009/08)  التعليم بالمرحلة قبل الابتدائية', 'الجمهورية'),
(14, '(2018/2017- 2009/2008) التعليم فى المرحلة الاعدادى', 'الجمهورية'),
(15, '(2018/17- 2007/06) التعليم فى المرحلة الثانوي', 'الجمهورية'),
(16, '(2018/17 -2005/04 ) الناجحون فى الامتحانات العامة', 'الجمهورية'),
(17, 'الانتاج السمكى 2016 - 2017', 'الجمهورية'),
(18, 'الناتج المحلى الاجمالى بتكلفة عوامل الانتاج وتوزيعه النسبى طبقاً للنشاط الاقتصادي 16 - 18', 'الجمهورية'),
(19, 'ارباب المعاشات من العاملين السابقين بالحكومة احياء وورثة ( 2014 / 2015 ) ( 2015 / 2016 )', 'الجمهورية'),
(20, 'توزيع المعاشات التى دفعتها الهيئة القومية للتأمين الأجمالى على المنتفعين طبقا لأسباب الصرف 13 - 17', 'الجمهورية'),
(21, 'حالات اصابة العمل طبقا لاقسام المهن - النوع - القطاع 2016 - 2017', 'الجمهورية'),
(22, 'توقع البقاء 2006 - 2017', 'الجمهورية'),
(23, 'اعداد ونسب حالات الزواج والطلاق 1985 - 2018', 'الجمهورية'),
(25, 'تقدير السكان حضر وريف فى منتصف اعوام 1990 - 2017', 'الجمهورية'),
(26, 'السكان نوع وحضر فى التعدادات من 1907 - حتى 2017', 'الجمهورية'),
(27, '2017 - 2001 إجمالى المساحة المنزرعة', 'الجمهورية'),
(28, '2017 - 2006 الانتاج المحلى من اللبن الخام', 'الجمهورية'),
(29, '2017- 2006 الارقام القياسية للقطاع الزراعى', 'الجمهورية'),
(30, '2017 -2006 الانتاج السمكى طبقا لمناطق الصيد', 'الجمهورية'),
(31, 'أعداد وحدات الرعاية الصحية الأساسية 2008 - 2017', 'الجمهورية'),
(32, 'أعداد ومعدلات العاملين بالمهن الطبية المزاولين بوزارة الصحة والسكان 2010 - 2017', 'الجمهورية'),
(33, 'الارقام القياسية لاسعار المنتجين 2010 - 2018', 'الجمهورية'),
(34, 'الاسعار شهريا فى 2018 والتغيير عن 2017', 'الجمهورية'),
(35, 'الانتاج من العسل والشمع 2006 - 2017', 'الجمهورية'),
(36, 'الإيرادات والمصروفات العامة للدولة طبقا للحساب الختامى بالمليون جنية 2010 - 2018', 'الجمهورية'),
(37, 'الحفلات المسرحية والمشاهدون 2008 - 2018', 'الجمهورية'),
(38, 'الزائرون للمتاحف بالالف طبقا للنوع 2008 - 2018', 'الجمهورية'),
(39, 'العلاج بالداخل على نفقه الدولة 2018', 'الجمهورية'),
(40, 'الكتب والكتيبات المؤلفة والمترجمة وعدد النسخ المطبوعة طبقا للموضوع 2012 - 2017', 'الجمهورية'),
(41, 'المتوسط اليومى لساعات ارسال التليفزيون بالقنوات المركزية والمحلية طبقا للقناة 2005 - 2018', 'الجمهورية'),
(42, 'المتوسط اليومى لعدد ساعات ارسال التليفزيون بالقنوات المركزية والمحلية طبقا لمواد البرامج 2005 - 2018', 'الجمهورية'),
(43, 'المتوسط اليومي لساعات ارسال التليفزيون لقنوات النيل المتخصصة 2006 - 2018', 'الجمهورية'),
(44, 'المتوسطات الشهرية لدرجة الحرارة الصغرى طبقا لمحطات الرصد 2017', 'الجمهورية'),
(45, 'المتوسطات الشهرية لمجموع كمية المطر طبقا لمحطات الرصد 2017', 'الجمهورية'),
(46, 'ألمحطات الاذاعية و ساعات البث 2004 - 2018', 'الجمهورية'),
(47, 'المساحة المحصولية واالناتج للمحاصيــل النيلية 2002 - 2017', 'الجمهورية'),
(48, 'المساحة المحصولية وانتاج للمحاصيل الشتوية 2005 - 2017', 'الجمهورية'),
(49, 'المساحة المحصولية وانتاج للمحاصيل الصيفية 2005 - 2017', 'الجمهورية'),
(50, 'المساحة المنزرعة والانتاج لبعض انواع الخضروات 2010 - 2017', 'الجمهورية'),
(51, 'الوحدات الصحية ذات الاسرة التابعة لوزارة الصحة طبقا للتخصص 2008 - 2017', 'الجمهورية'),
(52, 'تطور القيمة الاجمالية لإنتاج وصافى الدخل الزراعى 2007 - 2017', 'الجمهورية'),
(53, 'تطور عدد الاسره بالمستشفيات 2008-2017', 'الجمهورية'),
(54, 'تقدیر أعداد بعض انواع الماشیة والمذبوحات وانتاج البيض و التفريخ 2006 - 2017', 'الجمهورية'),
(55, 'المتوسطات الشهرية لدرجة الحرارة العظمى طبقا لمحطات الرصد 2017', 'الجمهورية'),
(56, 'عدد المستشفيات والأسرة والمترددين والأطباء البشريين والصيادلة وأطباء الأسنان 2008 - 2017', 'الجمهورية'),
(57, 'عدد وتكاليف العلاج على نفقه الدولة 1997 - 2018', 'الجمهورية'),
(58, 'عدد ونسبة الرواد لبرامج الصوت والضوء طبقا للغة 2010 - 2018', 'الجمهورية'),
(59, 'معدل وفيات الاطفال والرضع 1992 - 2018', 'الجمهورية'),
(60, 'معدل وفيات الرضع اقل من شهر اقل من سنه امهات 1988-2018', 'الجمهورية'),
(61, 'معلومات عامة 2015', 'الجمهورية'),
(62, 'مواليد و وفيات الجمهورية 1987-2018', 'الجمهورية'),
(63, 'نوع البرامح الاذاعية 2006 - 2018', 'الجمهورية'),
(64, 'السكان منتصف العام 2007 - 2017', 'المحافظة'),
(65, 'معدل الاعاله الصغرى والكبرى فى تعدادى 2006 - 2017', 'المحافظة'),
(66, '(2019/2018-2016/2015) المدارس والفصول والتلاميذ بالتربية الخاصة', 'المحافظة'),
(67, 'تلاميذ - حكومى - خاص - حضر - ريف للعام الدراسى 2018 / 2019', 'المحافظة'),
(68, '2018-17 المدرسون والطلاب بمرحلة رياض الأطفال الازهرى طبقا للنوع', 'المحافظة'),
(69, 'المدرسون و الطلاب فى مرحلة التعليم ما قبل الابتدائى 2017 - 2018', 'المحافظة'),
(70, '2018/17 المدرسون والطلبة طبقا للنوع والمحافظات بمرحلة التعليمى الاعدادى الازهرى', 'المحافظة'),
(71, '(2018/2017) المدرسون والطلاب بمرحلة التعليم ما قبل الابتدائية طبقا للنوع والقطاع', 'المحافظة'),
(72, 'الطلاب و المدرسون فى المدارس الابتدائية 2017 - 2018', 'المحافظة'),
(73, 'الطلاب و المدرسون فى المدارس الثانوية 2017 - 2018', 'المحافظة'),
(74, 'تلاميذ - حكومى - خاص - حضر - ريف للعام الدراسى 2018 / 2019', 'المحافظة'),
(75, '2018/17 المدرسون والطلبة بمرحلة التعليم الثانوى الازهرى طبقا للنوع والمحافظة', 'المحافظة'),
(76, 'تلاميذ - حكومى - خاص - حضر - ريف للعام الدراسى تعليم تجارى2018 / 2019', 'المحافظة'),
(77, 'تلاميذ - حكومى - خاص - حضر - ريف للعام الدراسى تعليم صناعى 2018 / 2019', 'المحافظة'),
(78, 'العاملون بالقطاع الحكومى محافظات ونوع  2015 - 2018', 'المحافظة'),
(79, 'بيان المساعدات التى صرفتها وزارة التضامن الاجتماعى وعدد الحالات المستفيدة طبقا لنوع المساعدات بالمحافظات عام2017', 'المحافظة'),
(80, 'حالات اصابات العمل ومعدلاتها ونتيجه الاصابه 2016 - 2017', 'المحافظة'),
(81, 'توزيع المؤمن عليهم طبقا لقانون التأمين الاجتماعى والقطاع  2014 - 2017', 'المحافظة'),
(82, 'توزيع المؤمن عليهم طبقا لقانون التأمين الإجتماعى والخاضعين له طبقا للمحافظات عام 2017', 'المحافظة'),
(83, 'اعداد ومعدلات الطلاق 2013 - 2018', 'المحافظة'),
(84, 'بيان المشروعات متناعية الصغر وفرص العمل طبقا للمحافظات 16 - 18', 'المحافظة'),
(86, 'النسب المئوية وترتيب السكان طبقا للتعدادات', 'المحافظة'),
(87, 'السكان فئات سن مختاره والنوع محافظات تعداد 2017', 'المحافظة'),
(88, 'المذبوحات المستوردة والمحلية بالمجازر طبقا للمحافظة 2017', 'المحافظة'),
(89, '2018-2016  بيان المشروعات الصغيرة', 'المحافظة'),
(90, 'مكاتب التاهيل و دور الرعاية', 'المحافظة'),
(91, '2017 عدد المنشئات الرياضية  عام', 'المحافظة'),
(92, 'عدد المستفيدين من برنامج تكافل وكرامة طبقا للنوع والقيمة المنصرفة لهم من وزارة التضامن الاجتماعى عن عام  2017', 'المحافظة'),
(93, 'عدد المدرسين طبقا للنوع والمحافظات 2008 - 2019', 'المحافظة'),
(94, 'توزيع المتعطلين أعداد و نسب طبقاً للحالة التعليمية  والنوع بالمحافظات', 'المحافظة'),
(95, 'معدل البطالة 15 سنه فاكثر 2015 - 2018', 'المحافظة'),
(96, 'تقديرات المشتغلين 15 سنة فأكثر للنوع و النشاط الhقتصادى', 'المحافظة'),
(97, 'اعداد القوى العاملة اكبر من 15 سنه 2013 - 2018', 'المحافظة'),
(98, 'اعداد السكان فى 1-1-2019', 'المحافظة'),
(99, 'حاالت الدخول واعداد ونسبة الوفيات بالمستشفيات العامة والمركزية 2014-2017', 'المحافظة'),
(100, 'دور السينما والمشاهدون بالالف 2014 - 2017', 'المحافظة'),
(101, 'دور المسارح العامة والمشاهدون بالمحافظات 2013 -2017', 'المحافظة'),
(102, 'قصور وبيوت الثقافة وعددالعاملين بها طبقا للمحافظات 2012- 2017', 'المحافظة'),
(103, 'قيمة القروض الاسثمارية قصيرة الاجل المنصرفة للمحافظات طبقا للغرض من القروض 2016', 'المحافظة'),
(104, 'كمية مياه الرى المستخدمة لمحاصيل العروات الثلاث والفاكهة وفقا لمقننات الحقل طبقا للمحافظات 2008 - 2017', 'المحافظة'),
(105, 'مواليد و وفيات المحافظات 2018', 'المحافظة'),
(106, 'السكان فى منتصف العام', 'الحى / المركز'),
(107, 'فئات السن', 'القرية / الشياخة'),
(108, 'المؤهلات التعليمية', 'القرية / الشياخة'),
(109, 'بيانات الاسر وعدد الافراد وعدد الحجرات  و متوسط افراد الاسر', 'القرية / الشياخة'),
(110, 'جملة من التحق وتسرب من التعليم (4 سنوات فاكثر)', 'القرية / الشياخة'),
(111, 'وجود حمام و مطبخ', 'القرية / الشياخة'),
(112, 'التسرب من التعليم بالمرحله التعليمية', 'القرية / الشياخة'),
(113, 'التسرب من التعليم بالسن', 'القرية / الشياخة'),
(114, 'الحالة الزواجية', 'القرية / الشياخة'),
(115, 'ملكية السكن', 'القرية / الشياخة'),
(116, 'نوع حيازة المسكن', 'القرية / الشياخة'),
(117, 'وسيله الصرف الصحى بالمنازل', 'القرية / الشياخة'),
(118, 'السكان', 'القرية / الشياخة'),
(119, 'اتصال المساكن بالمرافق', 'القرية / الشياخة'),
(120, 'نوع الوحده السكنية', 'القرية / الشياخة'),
(121, 'اسباب التسرب من التعليم', 'القرية / الشياخة'),
(122, 'فرص العمل فى مشروعات التنمية المجتمعية والبشرية والمنصرف عليها من 2016 - 2018', 'المحافظة');

-- --------------------------------------------------------

--
-- Table structure for table `perc`
--

CREATE TABLE `perc` (
  `id` int(11) NOT NULL,
  `gov` varchar(100) DEFAULT NULL,
  `total` double DEFAULT NULL,
  `perc` double DEFAULT NULL
) ENGINE=InnoDB DEFAULT CHARSET=utf8mb4;

--
-- Dumping data for table `perc`
--

INSERT INTO `perc` (`id`, `gov`, `total`, `perc`) VALUES
(1, 'الجيزة', 3726679, 9.246134698),
(2, 'القاهرة', 3209784, 7.963684347),
(3, 'الشرقية', 3153207, 7.823313104),
(4, 'الدقهلية', 2703267, 6.706982492),
(5, 'البحيرة', 2670412, 6.625467085),
(6, 'المنيا', 2587129, 6.418836507),
(7, 'سوهاج', 2380462, 5.906082144),
(8, 'القليوبية', 2379908, 5.904707633),
(9, 'أسيوط', 2050262, 5.086834315),
(10, 'الغربية', 1988314, 4.93313727),
(11, 'الاسكندرية', 1876354, 4.655357176),
(12, 'المنوفية', 1840111, 4.565435919),
(13, 'الفيوم', 1770344, 4.392339422),
(14, 'بنى سويف', 1507110, 3.739238626),
(15, 'قنا', 1431426, 3.551461665),
(16, 'كفر الشيخ', 1424709, 3.534796348),
(17, 'أسوان', 621415, 1.541771318),
(18, 'دمياط', 617951, 1.533176907),
(19, 'الاسماعيلية', 572668, 1.420826818),
(20, 'الأقصر', 501300, 1.243758135),
(21, 'السويس', 287544, 0.713415498),
(22, 'بورسعيد', 249671, 0.619450105),
(23, 'مطروح', 230913, 0.572910278),
(24, 'شمال سيناء ', 216270, 0.536580036),
(25, 'البحر الأحمر', 158755, 0.393881554),
(26, 'الوادى الجديد', 100032, 0.248185944),
(27, 'جنوب سيناء', 49267, 0.122234654);

-- --------------------------------------------------------

--
-- Table structure for table `popjans`
--

CREATE TABLE `popjans` (
  `ID` int(11) NOT NULL,
  `years` int(11) DEFAULT NULL,
  `male` int(11) DEFAULT NULL,
  `female` int(11) DEFAULT NULL,
  `total` int(11) DEFAULT NULL
) ENGINE=InnoDB DEFAULT CHARSET=utf8mb4;

--
-- Dumping data for table `popjans`
--

INSERT INTO `popjans` (`ID`, `years`, `male`, `female`, `total`) VALUES
(1, 2019, 50547, 47554, 98101),
(2, 2018, 49635, 46644, 96279),
(3, 2017, 46960, 45155, 92115),
(4, 2016, 45944, 44141, 90086),
(5, 2015, 44880, 43083, 87963),
(6, 2014, 43788, 41995, 85783),
(7, 2013, 42727, 40940, 83667),
(8, 2012, 41674, 39893, 81567),
(9, 2011, 40705, 38913, 79618),
(10, 2010, 39795, 38045, 77840),
(11, 2009, 38905, 37194, 76099),
(12, 2008, 38039, 36400, 74439),
(13, 2007, 37290, 35650, 72940),
(14, 2006, 36509, 34839, 71348),
(15, 2005, 35817, 34180, 69997),
(16, 2004, 35105, 33543, 68648),
(17, 2003, 34444, 32869, 67313),
(18, 2002, 33766, 32220, 65986),
(19, 2001, 33083, 31569, 64652),
(20, 2000, 32393, 30912, 63305),
(21, 1999, 31710, 30283, 61993),
(22, 1998, 31053, 29653, 60706),
(23, 1997, 30381, 29060, 59441),
(24, 1996, 30352, 28961, 59313);

-- --------------------------------------------------------

--
-- Table structure for table `popjul`
--

CREATE TABLE `popjul` (
  `id` int(11) NOT NULL,
  `gov` varchar(13) CHARACTER SET utf8 DEFAULT NULL,
  `2017` int(11) DEFAULT NULL,
  `2016` int(11) DEFAULT NULL,
  `2015` int(11) DEFAULT NULL,
  `2014` int(11) DEFAULT NULL,
  `2013` int(11) DEFAULT NULL,
  `2012` int(11) DEFAULT NULL,
  `2011` int(11) DEFAULT NULL,
  `2010` int(11) DEFAULT NULL,
  `2009` int(11) DEFAULT NULL,
  `2008` int(11) DEFAULT NULL,
  `2007` int(11) DEFAULT NULL
) ENGINE=InnoDB DEFAULT CHARSET=utf8mb4;

--
-- Dumping data for table `popjul`
--

INSERT INTO `popjul` (`id`, `gov`, `2017`, `2016`, `2015`, `2014`, `2013`, `2012`, `2011`, `2010`, `2009`, `2008`, `2007`) VALUES
(1, 'الجمهورية', 95203, 92737, 90624, 88530, 86460, 84418, 82410, 80443, 78522, 76651, 74828),
(2, 'القاهرة', 9570, 9690, 9469, 9365, 9198, 9025, 8860, 8672, 8479, 8272, 8117),
(3, 'الاسكندرية', 5179, 5032, 4917, 4854, 4759, 4668, 4568, 4496, 4406, 4320, 4232),
(4, 'بورسعيد', 751, 696, 680, 673, 660, 648, 636, 624, 612, 599, 586),
(5, 'السويس', 731, 655, 640, 627, 612, 597, 583, 569, 554, 540, 527),
(6, 'دمياط', 1502, 1398, 1367, 1341, 1313, 1283, 1253, 1222, 1190, 1159, 1130),
(7, 'الدقهلية', 6516, 6245, 6103, 5997, 5873, 5751, 5626, 5499, 5371, 5238, 5125),
(8, 'الشرقية', 7192, 6836, 6680, 6528, 6378, 6229, 6079, 5933, 5785, 5652, 5514),
(9, 'القليوبية', 5648, 5363, 5241, 5144, 5033, 4921, 4808, 4698, 4587, 4480, 4369),
(10, 'كفرالشيخ', 3377, 3346, 3270, 3194, 3121, 3047, 2974, 2904, 2834, 2761, 2696),
(11, 'الغربية', 5019, 4989, 4876, 4791, 4692, 4594, 4497, 4400, 4304, 4216, 4120),
(12, 'المنوفية', 4319, 4153, 4059, 3966, 3881, 3790, 3701, 3613, 3527, 3447, 3363),
(13, 'البحيرة', 6200, 6141, 6002, 5834, 5684, 5538, 5398, 5263, 5140, 4998, 4880),
(14, 'الاسماعيلية', 1309, 1247, 1218, 1184, 1153, 1122, 1092, 1064, 1037, 1010, 982),
(15, 'الجيزة', 8666, 7992, 7810, 7634, 7449, 7266, 7089, 6908, 6754, 6628, 6467),
(16, 'بني سويف', 3171, 3040, 2971, 2868, 2787, 2707, 2628, 2558, 2489, 2424, 2358),
(17, 'الفيوم', 3615, 3375, 3298, 3180, 3087, 2996, 2910, 2822, 2739, 2663, 2588),
(18, 'المنيا', 5527, 5481, 5356, 5177, 5037, 4901, 4768, 4637, 4518, 4402, 4280),
(19, 'أسيوط', 4407, 4500, 4398, 4264, 4151, 4043, 3937, 3831, 3731, 3639, 3543),
(20, 'سوهاج', 4995, 4887, 4775, 4626, 4500, 4381, 4266, 4158, 4054, 3946, 3853),
(21, 'قنــــا', 3182, 3228, 3154, 3061, 2981, 2905, 2830, 2764, 3240, 3168, 3085),
(22, 'أسوان', 1481, 1511, 1476, 1440, 1405, 1371, 1339, 1308, 1278, 1245, 1216),
(23, 'الاقصر', 1256, 1209, 1181, 1155, 1129, 1104, 1080, 1056, 490, 479, 469),
(24, 'البحر االحمر', 361, 365, 357, 348, 340, 332, 324, 317, 310, 303, 297),
(25, 'الوادى الجديد', 242, 237, 232, 227, 221, 216, 212, 206, 201, 197, 192),
(26, 'مطروح', 429, 487, 476, 446, 426, 408, 391, 375, 359, 341, 332),
(27, 'شمال سيناء', 452, 459, 448, 437, 425, 412, 399, 388, 377, 366, 354),
(28, 'جنوب سيناء', 103, 174, 170, 169, 167, 164, 162, 160, 158, 155, 153);

--
-- Indexes for dumped tables
--

--
-- Indexes for table `age`
--
ALTER TABLE `age`
  ADD PRIMARY KEY (`id`);

--
-- Indexes for table `gov`
--
ALTER TABLE `gov`
  ADD PRIMARY KEY (`id`);

--
-- Indexes for table `governorate`
--
ALTER TABLE `governorate`
  ADD PRIMARY KEY (`id`);

--
-- Indexes for table `map`
--
ALTER TABLE `map`
  ADD PRIMARY KEY (`id`);

--
-- Indexes for table `perc`
--
ALTER TABLE `perc`
  ADD PRIMARY KEY (`id`);

--
-- Indexes for table `popjans`
--
ALTER TABLE `popjans`
  ADD PRIMARY KEY (`ID`);

--
-- Indexes for table `popjul`
--
ALTER TABLE `popjul`
  ADD PRIMARY KEY (`id`);

--
-- AUTO_INCREMENT for dumped tables
--

--
-- AUTO_INCREMENT for table `age`
--
ALTER TABLE `age`
  MODIFY `id` int(10) NOT NULL AUTO_INCREMENT, AUTO_INCREMENT=20;

--
-- AUTO_INCREMENT for table `gov`
--
ALTER TABLE `gov`
  MODIFY `id` int(11) NOT NULL AUTO_INCREMENT, AUTO_INCREMENT=20;

--
-- AUTO_INCREMENT for table `governorate`
--
ALTER TABLE `governorate`
  MODIFY `id` int(100) NOT NULL AUTO_INCREMENT, AUTO_INCREMENT=36;

--
-- AUTO_INCREMENT for table `map`
--
ALTER TABLE `map`
  MODIFY `id` int(100) NOT NULL AUTO_INCREMENT, AUTO_INCREMENT=124;

--
-- AUTO_INCREMENT for table `perc`
--
ALTER TABLE `perc`
  MODIFY `id` int(11) NOT NULL AUTO_INCREMENT, AUTO_INCREMENT=28;
COMMIT;

/*!40101 SET CHARACTER_SET_CLIENT=@OLD_CHARACTER_SET_CLIENT */;
/*!40101 SET CHARACTER_SET_RESULTS=@OLD_CHARACTER_SET_RESULTS */;
/*!40101 SET COLLATION_CONNECTION=@OLD_COLLATION_CONNECTION */;
