-- phpMyAdmin SQL Dump
-- version 5.1.1
-- https://www.phpmyadmin.net/
--
-- Host: 127.0.0.1
-- Generation Time: Apr 17, 2022 at 01:12 AM
-- Server version: 10.4.21-MariaDB
-- PHP Version: 8.0.12

SET SQL_MODE = "NO_AUTO_VALUE_ON_ZERO";
START TRANSACTION;
SET time_zone = "+00:00";


/*!40101 SET @OLD_CHARACTER_SET_CLIENT=@@CHARACTER_SET_CLIENT */;
/*!40101 SET @OLD_CHARACTER_SET_RESULTS=@@CHARACTER_SET_RESULTS */;
/*!40101 SET @OLD_COLLATION_CONNECTION=@@COLLATION_CONNECTION */;
/*!40101 SET NAMES utf8mb4 */;

--
-- Database: `observatory`
--

-- --------------------------------------------------------

--
-- Table structure for table `age`
--

CREATE TABLE `age` (
  `id` int(10) NOT NULL,
  `age` varchar(11) CHARACTER SET utf8 DEFAULT NULL,
  `civilizeM` int(11) DEFAULT NULL,
  `civilizeF` int(11) DEFAULT NULL,
  `civilizeT` int(11) DEFAULT NULL,
  `countrysideM` int(11) DEFAULT NULL,
  `countrysideF` int(11) DEFAULT NULL,
  `countrysideT` int(11) DEFAULT NULL,
  `totalM` int(11) DEFAULT NULL,
  `totalF` int(11) DEFAULT NULL,
  `totalT` int(11) DEFAULT NULL
) ENGINE=InnoDB DEFAULT CHARSET=utf8mb4;

--
-- Dumping data for table `age`
--

INSERT INTO `age` (`id`, `age`, `civilizeM`, `civilizeF`, `civilizeT`, `countrysideM`, `countrysideF`, `countrysideT`, `totalM`, `totalF`, `totalT`) VALUES
(1, 'أقل من سنه ', 511619, 500019, 1011638, 917389, 851142, 1768531, 1429008, 1351161, 2780169),
(2, '1', 505220, 537104, 1042324, 876713, 877701, 1754414, 1381933, 1414805, 2796738),
(3, '2', 514298, 517557, 1031855, 863605, 832123, 1695728, 1377903, 1349680, 2727583),
(4, '3', 576694, 550731, 1127425, 889696, 853049, 1742745, 1466390, 1403780, 2870170),
(5, '4', 513692, 460335, 974027, 880506, 788279, 1668785, 1394198, 1248614, 2642812),
(6, '5', 478815, 455296, 934111, 853009, 800784, 1653793, 1331824, 1256080, 2587904),
(7, '6', 483649, 434152, 917801, 755254, 679649, 1434903, 1238903, 1113801, 2352704),
(8, '7', 440717, 403886, 844603, 669704, 617711, 1287415, 1110421, 1021597, 2132018),
(9, '8', 438692, 413840, 852532, 654935, 616074, 1271009, 1093627, 1029914, 2123541),
(10, '9', 423897, 393365, 817262, 641820, 605201, 1247021, 1065717, 998566, 2064283),
(11, '10', 489219, 447951, 937170, 689290, 627697, 1316987, 1178509, 1075648, 2254157),
(12, '11', 368897, 337756, 706653, 577057, 531229, 1108286, 945954, 868985, 1814939),
(13, '12', 453005, 416016, 869021, 685620, 613772, 1299392, 1138625, 1029788, 2168413),
(14, '13', 345323, 323476, 668799, 545131, 502591, 1047722, 890454, 826067, 1716521),
(15, '14', 351215, 337231, 688446, 526873, 501555, 1028428, 878088, 838786, 1716874),
(16, '15', 500681, 458558, 959239, 672999, 611329, 1284328, 1173680, 1069887, 2243567),
(17, '16', 376749, 348430, 725179, 560821, 506954, 1067775, 937570, 855384, 1792954),
(18, '17', 378994, 364588, 743582, 584766, 540345, 1125111, 963760, 904933, 1868693),
(19, '18', 463549, 445959, 909508, 633820, 595979, 1229799, 1097369, 1041938, 2139307);

-- --------------------------------------------------------

--
-- Table structure for table `gov`
--

CREATE TABLE `gov` (
  `id` int(11) NOT NULL,
  `age` varchar(100) NOT NULL,
  `الجمهورية` int(11) NOT NULL,
  `القاهرة` int(11) NOT NULL,
  `الاسكندرية` int(11) NOT NULL,
  `بورسعيد` int(11) NOT NULL,
  `السويس` int(11) NOT NULL,
  `دمياط` int(11) NOT NULL,
  `الدقهلية` int(11) NOT NULL,
  `الشرقية` int(11) NOT NULL,
  `القليوبية` int(11) NOT NULL,
  `كفر الشيخ` int(11) NOT NULL,
  `الغربية` int(11) NOT NULL,
  `المنوفية` int(11) NOT NULL,
  `البحيرة` int(11) NOT NULL,
  `الاسماعيلية` int(11) NOT NULL,
  `الجيزة` int(11) NOT NULL,
  `بنى سويف` int(11) NOT NULL,
  `الفيوم` int(11) NOT NULL,
  `المنيا` int(11) NOT NULL,
  `اسيوط` int(11) NOT NULL,
  `سوهاج` int(11) NOT NULL,
  `قنا` int(11) NOT NULL,
  `اسوان` int(11) NOT NULL,
  `الاقصر` int(11) NOT NULL,
  `البحر الاحمر` int(11) NOT NULL,
  `الوادى الجديد` int(11) NOT NULL,
  `مطروح` int(11) NOT NULL,
  `شمال سيناء` int(11) NOT NULL,
  `جنوب سيناء` int(11) NOT NULL
) ENGINE=InnoDB DEFAULT CHARSET=utf8mb4;

--
-- Dumping data for table `gov`
--

INSERT INTO `gov` (`id`, `age`, `الجمهورية`, `القاهرة`, `الاسكندرية`, `بورسعيد`, `السويس`, `دمياط`, `الدقهلية`, `الشرقية`, `القليوبية`, `كفر الشيخ`, `الغربية`, `المنوفية`, `البحيرة`, `الاسماعيلية`, `الجيزة`, `بنى سويف`, `الفيوم`, `المنيا`, `اسيوط`, `سوهاج`, `قنا`, `اسوان`, `الاقصر`, `البحر الاحمر`, `الوادى الجديد`, `مطروح`, `شمال سيناء`, `جنوب سيناء`) VALUES
(1, 'أقل من سنه ', 2780169, 162494, 110773, 14455, 18907, 38726, 190883, 219846, 153594, 101075, 138720, 133223, 191755, 36335, 231206, 121779, 144223, 194153, 151895, 182844, 107357, 45908, 38387, 11973, 7302, 14282, 15036, 3038),
(2, '1', 2796738, 188652, 137895, 16176, 23299, 39501, 180442, 220509, 138052, 103929, 124401, 123284, 194348, 43799, 271034, 113880, 150167, 182128, 132050, 182168, 102631, 42787, 36311, 9657, 5566, 19417, 11227, 3428),
(3, '2', 2727583, 201795, 140180, 18275, 19606, 44804, 180091, 211518, 148252, 103009, 130181, 126729, 174125, 44421, 258895, 103974, 125771, 171090, 127861, 169814, 99248, 42532, 33022, 9457, 5705, 18851, 15156, 3221),
(4, '3', 2870170, 251943, 162427, 17052, 22337, 47254, 187026, 231105, 156005, 100449, 129008, 123916, 168248, 52003, 315130, 100768, 129790, 156884, 122839, 165548, 96988, 44018, 34792, 9825, 5058, 19955, 16657, 3145),
(5, '4', 2642812, 178310, 107263, 15364, 17981, 37159, 174814, 204524, 158250, 98299, 132870, 125551, 183838, 35966, 228119, 106063, 118812, 181379, 143295, 164314, 102322, 42476, 34020, 11851, 7218, 15395, 13963, 3396),
(6, '5', 2587904, 187352, 108226, 14300, 16892, 38271, 163802, 203433, 158036, 93452, 125262, 120184, 178212, 34519, 236829, 101915, 118705, 177513, 136498, 153996, 96728, 41357, 32143, 10810, 6711, 15334, 14069, 3355),
(7, '6', 2352704, 176917, 102183, 14449, 16430, 35059, 164630, 182166, 149953, 81354, 117809, 110061, 162400, 31506, 219387, 89201, 103895, 152262, 120565, 132887, 78447, 35841, 27225, 10831, 5844, 14151, 14087, 3164),
(8, '7', 2132018, 170254, 95576, 13384, 14989, 33799, 143868, 162397, 130217, 70180, 106908, 97877, 147196, 29856, 200430, 80003, 94180, 135224, 109848, 122999, 72694, 31949, 25595, 9571, 5789, 12627, 11815, 2793),
(9, '8', 2123541, 176277, 98353, 13333, 15336, 34413, 137135, 165390, 132792, 72696, 106869, 96038, 142598, 29521, 203376, 76510, 88753, 131920, 109983, 119106, 73190, 31784, 25885, 9447, 5463, 13003, 11421, 2949),
(10, '9', 2064283, 167353, 92840, 13208, 14903, 33657, 145361, 163964, 128162, 73014, 107011, 96648, 142414, 28679, 193072, 76271, 88101, 121870, 102656, 111025, 69291, 30186, 24610, 8824, 5400, 11028, 11774, 2961),
(11, '10', 2254157, 205714, 111376, 14973, 17051, 35724, 153897, 170783, 141962, 78951, 115689, 100164, 149690, 31871, 215423, 77777, 90117, 133863, 111419, 122163, 73039, 32764, 25714, 9145, 5411, 13935, 12620, 2922),
(12, '11', 1814939, 144478, 81141, 11590, 11962, 28811, 126297, 140274, 110330, 64612, 93668, 83976, 125061, 24421, 158224, 66169, 74439, 119194, 95459, 105225, 63528, 28161, 22220, 7788, 5163, 9755, 10540, 2453),
(13, '12', 2168413, 186376, 102004, 13183, 14925, 34623, 144032, 168299, 133537, 75744, 110200, 99858, 144420, 29590, 196482, 76930, 87244, 141984, 113885, 124926, 73366, 30966, 25010, 8302, 5393, 12019, 12276, 2839),
(14, '13', 1716521, 140806, 76650, 10992, 11444, 26330, 117552, 135991, 103395, 58596, 86178, 77309, 112160, 23180, 149735, 62388, 69952, 119848, 91020, 101334, 61253, 26406, 21461, 6464, 4803, 8572, 10331, 2371),
(15, '14', 1716874, 151297, 79928, 11234, 11903, 25917, 115144, 132769, 102451, 57180, 84288, 75905, 109620, 22796, 153261, 61040, 68301, 117212, 91923, 101517, 62158, 27331, 21534, 6272, 4576, 8913, 10426, 1978),
(16, '15', 2243567, 221202, 113346, 14083, 16603, 33496, 147660, 174478, 135777, 74719, 109551, 98294, 137114, 29457, 213340, 77134, 87944, 140858, 114819, 124521, 76995, 35515, 28548, 7353, 5240, 11571, 11489, 2460),
(17, '16', 1792954, 159821, 83745, 12465, 12435, 26857, 120105, 138506, 109388, 61476, 89376, 80064, 110981, 24993, 155901, 64157, 71827, 118067, 98032, 107735, 65099, 26428, 23329, 6340, 4757, 8505, 10450, 2115),
(18, '17', 1868693, 162901, 82445, 12233, 12485, 27014, 126047, 151496, 106557, 65819, 91742, 84551, 117499, 24661, 157741, 66994, 76216, 126781, 99892, 115086, 72084, 30662, 25969, 6377, 5273, 8150, 10017, 2001),
(19, '18', 2139307, 212888, 108424, 15185, 15696, 31084, 135010, 163091, 120618, 71742, 101598, 88625, 127568, 28944, 193710, 76610, 88126, 141290, 115122, 126733, 79456, 34535, 29366, 6718, 4840, 10137, 10130, 2061);

-- --------------------------------------------------------

--
-- Table structure for table `perc`
--

CREATE TABLE `perc` (
  `id` int(11) NOT NULL,
  `gov` varchar(100) DEFAULT NULL,
  `total` double DEFAULT NULL,
  `perc` double DEFAULT NULL
) ENGINE=InnoDB DEFAULT CHARSET=utf8mb4;

--
-- Dumping data for table `perc`
--

INSERT INTO `perc` (`id`, `gov`, `total`, `perc`) VALUES
(1, 'الجيزة', 3726679, 9.246134698),
(2, 'القاهرة', 3209784, 7.963684347),
(3, 'الشرقية', 3153207, 7.823313104),
(4, 'الدقهلية', 2703267, 6.706982492),
(5, 'البحيرة', 2670412, 6.625467085),
(6, 'المنيا', 2587129, 6.418836507),
(7, 'سوهاج', 2380462, 5.906082144),
(8, 'القليوبية', 2379908, 5.904707633),
(9, 'أسيوط', 2050262, 5.086834315),
(10, 'الغربية', 1988314, 4.93313727),
(11, 'الاسكندرية', 1876354, 4.655357176),
(12, 'المنوفية', 1840111, 4.565435919),
(13, 'الفيوم', 1770344, 4.392339422),
(14, 'بنى سويف', 1507110, 3.739238626),
(15, 'قنا', 1431426, 3.551461665),
(16, 'كفر الشيخ', 1424709, 3.534796348),
(17, 'أسوان', 621415, 1.541771318),
(18, 'دمياط', 617951, 1.533176907),
(19, 'الاسماعيلية', 572668, 1.420826818),
(20, 'الأقصر', 501300, 1.243758135),
(21, 'السويس', 287544, 0.713415498),
(22, 'بورسعيد', 249671, 0.619450105),
(23, 'مطروح', 230913, 0.572910278),
(24, 'شمال سيناء ', 216270, 0.536580036),
(25, 'البحر الأحمر', 158755, 0.393881554),
(26, 'الوادى الجديد', 100032, 0.248185944),
(27, 'جنوب سيناء', 49267, 0.122234654);

--
-- Indexes for dumped tables
--

--
-- Indexes for table `age`
--
ALTER TABLE `age`
  ADD PRIMARY KEY (`id`);

--
-- Indexes for table `gov`
--
ALTER TABLE `gov`
  ADD PRIMARY KEY (`id`);

--
-- Indexes for table `perc`
--
ALTER TABLE `perc`
  ADD PRIMARY KEY (`id`);

--
-- AUTO_INCREMENT for dumped tables
--

--
-- AUTO_INCREMENT for table `age`
--
ALTER TABLE `age`
  MODIFY `id` int(10) NOT NULL AUTO_INCREMENT, AUTO_INCREMENT=25;

--
-- AUTO_INCREMENT for table `gov`
--
ALTER TABLE `gov`
  MODIFY `id` int(11) NOT NULL AUTO_INCREMENT, AUTO_INCREMENT=20;

--
-- AUTO_INCREMENT for table `perc`
--
ALTER TABLE `perc`
  MODIFY `id` int(11) NOT NULL AUTO_INCREMENT, AUTO_INCREMENT=28;
COMMIT;

/*!40101 SET CHARACTER_SET_CLIENT=@OLD_CHARACTER_SET_CLIENT */;
/*!40101 SET CHARACTER_SET_RESULTS=@OLD_CHARACTER_SET_RESULTS */;
/*!40101 SET COLLATION_CONNECTION=@OLD_COLLATION_CONNECTION */;
